id,category_id/name,title
soc_47229078,annonceur,
soc_47138338,annonceur,
soc_47102682,,
soc_46741772,annonceur,
soc_46006562,,
soc_45408364,,
soc_42595562,france travail,
soc_42486400,annonceur,
soc_42441892,,
soc_42158182,,
soc_41810762,,
soc_41428902,annonceur,
soc_41136658,annonceur,
soc_40790084,france travail,
soc_39845502,agence,
soc_39388898,,
soc_38366436,,
soc_38129634,collectivité,
soc_38015216,,
soc_37277526,annonceur,
soc_37275954,annonceur,
soc_36691560,,
soc_36559918,,
soc_36517956,annonceur,
soc_36452076,annonceur,
soc_35109820,école,
soc_32152508,annonceur,
soc_32086754,annonceur,
soc_31446708,,
soc_31170854,opco,
soc_30950546,,
soc_30851780,annonceur,
soc_30829936,annonceur,
soc_30461822,,
soc_30044764,opco,
soc_28306684,,
soc_27706372,,
soc_26612719,annonceur,
soc_26015107,annonceur,
soc_25861477,,
soc_25624077,,
soc_25521737,annonceur,
soc_24883779,annonceur,
soc_24144525,,
soc_23750447,annonceur,
soc_23393705,agence,
soc_23072733,annonceur,
soc_22416775,,
soc_19753167,,
soc_19611179,,
soc_19514783,,
soc_19144592,,
soc_19090005,,
soc_18848340,,
soc_18787470,annonceur,
soc_18736183,annonceur,
soc_18618974,,
soc_18618973,,
soc_18618972,,
soc_18618971,,
soc_18618969,,
soc_18618968,,
soc_18618967,,
soc_18615884,,
soc_18615883,,
soc_18615882,,
soc_18615881,,
soc_18615880,,
soc_18615879,,
soc_18570140,,
soc_18570139,,
soc_18570137,,
soc_18570135,,
soc_18570133,,
soc_18570131,,
soc_18570129,,
soc_18570128,,
soc_18570127,,
soc_18570124,,
soc_18570123,,
soc_18570122,,
soc_18570121,,
soc_18570119,,
soc_18570116,,
soc_18570115,,
soc_18470535,organisation/association,
soc_18470534,agence,
soc_18470533,annonceur,
soc_18470532,annonceur,
soc_18470531,annonceur,
soc_18470530,agence,
soc_18470529,annonceur,
soc_18470528,annonceur,
soc_18470527,annonceur,
soc_18470526,annonceur,
soc_18470524,annonceur,
soc_18470523,organisation/association,
soc_18470522,agence,
soc_18470521,agence,
soc_18470516,annonceur,
soc_18470515,annonceur,
soc_18470513,agence,
soc_18470512,agence,
soc_18470511,annonceur,
soc_18470510,agence,
soc_18470509,école,
soc_18470508,annonceur,
soc_18470507,agence,
soc_18470506,annonceur,
soc_18470505,agence,
soc_18470504,annonceur,
soc_18470501,organisation/association,
soc_18470500,annonceur,
soc_18470499,agence,
soc_18470496,agence,
soc_18470495,annonceur,
soc_18470494,annonceur,
soc_18470493,agence,
soc_18470492,annonceur,
soc_18470491,annonceur,
soc_18470490,agence,
soc_18470489,consultant,
soc_18470488,agence,
soc_18470487,annonceur,
soc_18470486,annonceur,
soc_18470485,annonceur,
soc_18470483,annonceur,
soc_18470480,annonceur,
soc_18470479,annonceur,
soc_18470478,agence,
soc_18470477,agence,
soc_18470476,annonceur,
soc_18470473,opco,
soc_18470472,annonceur,
soc_18470471,annonceur,
soc_18470469,annonceur,
soc_18470467,agence,
soc_18470466,agence,
soc_18470463,agence,
soc_18470462,annonceur,
soc_18470455,annonceur,
soc_18470452,agence,
soc_18470450,annonceur,
soc_18470445,agence,
soc_18470444,agence,
soc_18470440,annonceur,
soc_18470439,agence,
soc_18470438,annonceur,
soc_18470437,opco,
soc_18470436,agence,
soc_18470432,annonceur,
soc_18470429,consultant,
soc_18470427,agence,
soc_18470425,annonceur,
soc_18470424,agence,
soc_18470423,annonceur,
soc_18470422,agence,
soc_18470419,opco,
soc_18470417,annonceur,
soc_18470416,annonceur,
soc_18470415,agence,
soc_18470414,annonceur,
soc_18470411,annonceur,
soc_18470410,annonceur,
soc_18470408,opco,
soc_18470406,organisation/association,
soc_18470405,annonceur,
soc_18470402,agence de placement,
soc_18470401,annonceur,
soc_18470400,annonceur,
soc_18470398,agence,
soc_18470395,annonceur,
soc_18470394,annonceur,
soc_18470393,agence,
soc_18470392,annonceur,
soc_18470388,école,
soc_18470386,agence,
soc_18470384,annonceur,
soc_18470383,annonceur,
soc_18470381,annonceur,
soc_18470380,agence,
soc_18470379,annonceur,
soc_18470376,annonceur,
soc_18470375,plateforme freelance/portage,
soc_18470374,opco,
soc_18470372,annonceur,
soc_18470371,annonceur,
soc_18470370,annonceur,
soc_18470369,annonceur,
soc_18470368,annonceur,
soc_18470366,opco,
soc_18470363,annonceur,
soc_18470362,annonceur,
soc_18470361,annonceur,
soc_18470360,annonceur,
soc_18470353,agence,
soc_18470352,annonceur,
soc_18470351,école,
soc_18470350,annonceur,
soc_18470349,opco,
soc_18470348,annonceur,
soc_18470347,agence,
soc_18470343,plateforme freelance/portage,
soc_18470342,annonceur,
soc_18470341,annonceur,
soc_18470340,annonceur,
soc_18470339,annonceur,
soc_18470338,annonceur,
soc_18470337,annonceur,
soc_18470336,annonceur,
soc_18470335,annonceur,
soc_18470334,annonceur,
soc_18470333,annonceur,
soc_18470332,annonceur,
soc_18470331,opco,
soc_18470329,annonceur,
soc_18470328,annonceur,
soc_18470327,annonceur,
soc_18470326,annonceur,
soc_18470325,annonceur,
soc_18470322,annonceur,
soc_18470321,agence,
soc_18470317,annonceur,
soc_18470316,agence,
soc_18470315,annonceur,
soc_18470314,agence,
soc_18470313,annonceur,
soc_18470312,agence,
soc_18470309,annonceur,
soc_18470308,agence,
soc_18470307,collectivité,
soc_18470306,annonceur,
soc_18470304,annonceur,
soc_18470303,annonceur,
soc_18470302,annonceur,
soc_18470301,agence,
soc_18470300,agence,
soc_18470297,annonceur,
soc_18470296,agence,
soc_18470292,agence,
soc_18470290,consultant,
soc_18470289,organisation/association,
soc_18470288,individuel,
soc_18470287,annonceur,
soc_18470286,annonceur,
soc_18470283,annonceur,
soc_18470282,annonceur,
soc_18470281,annonceur,
soc_18470280,annonceur,
soc_18470279,annonceur,
soc_18470278,agence,
soc_18470277,opco,
soc_18470276,agence,
soc_18470274,annonceur,
soc_18470273,annonceur,
soc_18470272,annonceur,
soc_18470270,consultant,
soc_18470267,opco,
soc_18470266,annonceur,
soc_18470265,annonceur,
soc_18470264,agence,
soc_18470262,annonceur,
soc_18470260,agence,
soc_18470259,agence,
soc_18470258,agence,
soc_18470256,annonceur,
soc_18470255,opco,
soc_18470252,agence,
soc_18470251,annonceur,
soc_18470250,annonceur,
soc_18470248,annonceur,
soc_18470247,annonceur,
soc_18470246,agence,
soc_18470245,agence,
soc_18470244,agence,
soc_18470243,agence,
soc_18470242,agence,
soc_18470241,annonceur,
soc_18470240,agence,
soc_18470239,opco,
soc_18470237,annonceur,
soc_18470236,annonceur,
soc_18470234,annonceur,
soc_18470233,agence,
soc_18470231,agence,
soc_18470230,annonceur,
soc_18470229,agence,
soc_18470228,annonceur,
soc_18470227,agence,
soc_18470226,agence,
soc_18470225,annonceur,
soc_18470224,agence,
soc_18470223,agence,
soc_18470222,interbusiness_orixa,
soc_18470218,annonceur,
soc_18470217,annonceur,
soc_18470216,annonceur,
soc_18470213,annonceur,
soc_18470212,agence,
soc_18470211,agence,
soc_18470210,agence,
soc_18470209,annonceur,
soc_18470206,agence,
soc_18470205,agence,
soc_18470204,annonceur,
soc_18470203,agence,
soc_18470201,annonceur,
soc_18470199,agence,
soc_18470197,annonceur,
soc_18470196,annonceur,
soc_18470195,annonceur,
soc_18470194,école,
soc_18470193,organisation/association,
soc_18470192,annonceur,
soc_18470191,agence,
soc_18470190,annonceur,
soc_18470189,annonceur,
soc_18470188,agence,
soc_18470187,agence,
soc_18470186,annonceur,
soc_18470185,agence,
soc_18470184,annonceur,
soc_18470183,annonceur,
soc_18470182,annonceur,
soc_18470181,annonceur,
soc_18470180,annonceur,
soc_18470179,annonceur,
soc_18470178,annonceur,
soc_18470177,agence,
soc_18470176,consultant,
soc_18470175,agence,
soc_18470174,annonceur,
soc_18470173,annonceur,
soc_18470172,agence,
soc_18470171,annonceur,
soc_18470170,annonceur,
soc_18470169,agence,
soc_18470168,annonceur,
soc_18470167,consultant,
soc_18470166,agence,
soc_18470165,annonceur,
soc_18470164,opco,
soc_18470163,annonceur,
soc_18470162,agence,
soc_18470161,annonceur,
soc_18470160,annonceur,
soc_18470159,annonceur,
soc_18470158,opco,
soc_18470157,annonceur,
soc_18470156,annonceur,
soc_18470155,agence,
soc_18470154,annonceur,
soc_18470153,annonceur,
soc_18470152,agence,
soc_18470151,agence de placement,
soc_18470150,annonceur,
soc_18470149,annonceur,
soc_18470148,annonceur,
soc_18470147,annonceur,
soc_18470146,individuel,
soc_18470145,agence,
soc_18470144,annonceur,
soc_18470143,annonceur,
soc_18470142,annonceur,
soc_18470141,opco,
soc_18470140,annonceur,
soc_18470139,annonceur,
soc_18470138,annonceur,
soc_18470137,annonceur,
soc_18470136,annonceur,
soc_18470135,annonceur,
soc_18470134,agence,
soc_18470133,consultant,
soc_18470132,annonceur,
soc_18470131,agence,
soc_18470130,agence,
soc_18470129,annonceur,
soc_18470128,annonceur,
soc_18470127,annonceur,
soc_18470126,annonceur,
soc_18470125,individuel,
soc_18470124,agence,
soc_18470123,opco,
soc_18470122,agence,
soc_18470121,annonceur,
soc_18470120,annonceur,
soc_18470119,agence,
soc_18470118,annonceur,
soc_18470117,agence,
soc_18470116,consultant,
soc_18470115,annonceur,
soc_18470114,agence,
soc_18470113,annonceur,
soc_18470112,agence,
soc_18470111,consultant,
soc_18470110,agence,
soc_18470109,école,
soc_18470202,annonceur,
soc_18470207,annonceur,
soc_18470208,annonceur,
soc_18470214,annonceur,
soc_18470215,agence,
soc_18470219,annonceur,
soc_18470220,annonceur,
soc_18470221,agence,
soc_18470232,annonceur,
soc_18470235,annonceur,
soc_18470238,annonceur,
soc_18470249,agence,
soc_18470253,annonceur,
soc_18470254,annonceur,
soc_18470257,annonceur,
soc_18470261,annonceur,
soc_18470263,agence,
soc_18470268,annonceur,
soc_18470269,agence,
soc_18470271,annonceur,
soc_18470275,annonceur,
soc_18470284,annonceur,
soc_18470285,annonceur,
soc_18470291,agence,
soc_18470293,agence,
soc_18470294,annonceur,
soc_18470295,annonceur,
soc_18470298,annonceur,
soc_18470299,annonceur,
soc_18470305,annonceur,
soc_18470310,annonceur,
soc_18470311,école,
soc_18470318,annonceur,
soc_18470319,annonceur,
soc_18470320,agence,
soc_18470323,agence,
soc_18470324,annonceur,
soc_18470330,consultant,
soc_18470344,annonceur,
soc_18470345,annonceur,
soc_18470346,agence,
soc_18470354,agence,
soc_18470355,agence,
soc_18470356,agence,
soc_18470357,annonceur,
soc_18470358,agence,
soc_18470359,annonceur,
soc_18470364,annonceur,
soc_18470365,annonceur,
soc_18470367,agence,
soc_18470373,annonceur,
soc_18470377,consultant,
soc_18470378,annonceur,
soc_18470382,annonceur,
soc_18470385,annonceur,
soc_18470387,annonceur,
soc_18470389,annonceur,
soc_18470390,annonceur,
soc_18470391,annonceur,
soc_18470399,annonceur,
soc_18470403,école,
soc_18470404,consultant,
soc_18470407,agence,
soc_18470409,agence,
soc_18470412,annonceur,
soc_18470413,agence,
soc_18470418,annonceur,
soc_18470420,annonceur,
soc_18470421,annonceur,
soc_18470426,annonceur,
soc_18470428,annonceur,
soc_18470430,annonceur,
soc_18470431,agence,
soc_18470433,annonceur,
soc_18470434,annonceur,
soc_18470435,annonceur,
soc_18470441,annonceur,
soc_18470442,annonceur,
soc_18470443,agence,
soc_18470446,annonceur,
soc_18470447,annonceur,
soc_18470448,agence,
soc_18470451,annonceur,
soc_18470453,annonceur,
soc_18470454,agence,
soc_18470456,agence,
soc_18470457,agence,
soc_18470458,agence,
soc_18470459,organisation/association,
soc_18470460,agence,
soc_18470461,annonceur,
soc_18470464,agence,
soc_18470465,agence,
soc_18470468,annonceur,
soc_18470470,agence,
soc_18470474,annonceur,
soc_18470475,annonceur,
soc_18470481,annonceur,
soc_18470482,annonceur,
soc_18470484,agence,
soc_18470497,agence,
soc_18470498,annonceur,
soc_18470502,annonceur,
soc_18470503,consultant,
soc_18470514,annonceur,
soc_18470517,individuel,
soc_18470518,annonceur,
soc_18470519,annonceur,
soc_18470520,annonceur,
soc_18470525,annonceur,
soc_18759873,,
soc_18759916,annonceur,
soc_18880538,,
soc_19343059,,
soc_19403172,,
soc_19612315,,
soc_19649606,,
soc_19717073,annonceur,
soc_19746976,,
soc_19799048,,
soc_19949808,,
soc_20078726,,
soc_20078729,,
soc_21502071,agence,
soc_21822861,,
soc_22086599,,
soc_22329473,,
soc_22568075,,
soc_22792665,,
soc_22819845,,
soc_22844663,,
soc_22849383,,
soc_23178711,,
soc_23213389,annonceur,
soc_23435017,,
soc_24003399,,
soc_24595163,,
soc_24822683,,
soc_25618675,,
soc_25774947,,
soc_25940939,agence,
soc_26194081,,
soc_26266629,,
soc_26319437,,
soc_26350823,,
soc_26438471,,
soc_26529711,,
soc_26815625,,
soc_27187378,,
soc_27449742,,
soc_27826986,,
soc_27856586,"individuel,individuel",
soc_28098954,,
soc_28104634,,
soc_28544430,,
soc_28640612,,
soc_28650136,,
soc_29382376,,
soc_29393788,,
soc_29499638,,
soc_29713346,,
soc_31010378,,
soc_31010380,,
soc_32751340,,
soc_32835804,,
soc_32990938,,
soc_33013268,,
soc_33813352,,
soc_34098822,,
soc_34296920,,
soc_34921984,,
soc_35156148,,
soc_35246842,,
soc_36469212,,
soc_36798568,france travail,
soc_36813342,annonceur,
soc_36836386,annonceur,
soc_37751636,,
soc_38411940,,
soc_38845746,annonceur,
soc_38937058,"individuel,individuel",
soc_39770210,,
soc_39786126,,
soc_40275370,,
soc_40373736,annonceur,
soc_40376138,"france travail,individuel",Madame
soc_40478392,,
soc_40817716,,
soc_41083816,,
soc_41541252,,
soc_41558580,,
soc_41608828,,
soc_41690476,,
soc_41690486,,
soc_41714206,"france travail,individuel",
soc_41736686,annonceur,
soc_41882614,,
soc_41902324,,
soc_41975946,,
soc_42053962,,
soc_42054168,,
soc_42510530,,
soc_43301712,,
soc_44074004,,
soc_44565410,annonceur,
soc_44565492,annonceur,
soc_44666990,"individuel,individuel",
soc_45182668,,
soc_45567324,,
soc_45787484,,
soc_46228426,,
soc_46300286,annonceur,
soc_46355426,,
soc_46744230,annonceur,
soc_47005028,"france travail,individuel",Madame
soc_47329712,individuel,
soc_47445846,,
soc_47881102,annonceur,
soc_47885784,,
soc_47906828,,
soc_48469730,annonceur,
soc_48692116,organisation/association,
soc_18470449,annonceur,
soc_18470397,annonceur,
soc_18470200,annonceur,
soc_18470198,annonceur,
